parameter_name,parameter_value,N,s,sig_p,sig_m,rmse_enkf,rmse_eakf,rmse_enkf_tr,rmse_eakf_tr,eakf_vs_enkf,improve_enkf_tr,eakf_tr_vs_enkf,experiment_type
N,30.000000,30,9,0.500000,0.150000,3.417674,2.627133,2.090593,1.543319,23.130966,38.829952,54.843000,N_sensitivity
N,50.000000,50,9,0.500000,0.150000,2.658111,2.603469,1.369999,1.320124,2.055706,48.459688,50.336023,N_sensitivity
N,70.000000,70,9,0.500000,0.150000,2.530423,2.486220,1.231316,1.151238,1.746858,51.339516,54.504123,N_sensitivity
