parameter_name,parameter_value,N,s,sig_p,sig_m,rmse_enkf,rmse_eakf,rmse_enkf_tr,rmse_eakf_tr,eakf_vs_enkf,improve_enkf_tr,eakf_tr_vs_enkf,experiment_type
s,9.000000,30,9,0.500000,0.150000,3.417674,2.627133,2.090593,1.543319,23.130966,38.829952,54.843000,s_sensitivity
s,12.000000,30,12,0.500000,0.150000,2.889572,2.516179,2.377762,2.068570,12.922093,17.712303,28.412601,s_sensitivity
s,18.000000,30,18,0.500000,0.150000,2.990865,2.949867,2.753639,2.506346,1.370749,7.931685,16.199942,s_sensitivity
