parameter_name,parameter_value,N,s,sig_p,sig_m,rmse_enkf,rmse_eakf,rmse_enkf_tr,rmse_eakf_tr,eakf_vs_enkf,improve_enkf_tr,eakf_tr_vs_enkf,experiment_type
sig_p,0.450000,30,9,0.450000,0.150000,2.948677,2.602820,1.762745,1.564486,11.729237,40.219115,46.942797,sig_p_sensitivity
sig_p,0.500000,30,9,0.500000,0.150000,3.417674,2.627133,2.090593,1.543319,23.130966,38.829952,54.843000,sig_p_sensitivity
sig_p,0.600000,30,9,0.600000,0.150000,3.605971,3.175358,2.135220,1.873616,11.941685,40.786538,48.041289,sig_p_sensitivity
sig_p,0.650000,30,9,0.650000,0.150000,3.437435,2.851169,1.917224,1.629835,17.055336,44.225156,52.585719,sig_p_sensitivity
