parameter_name,parameter_value,N,s,sig_p,sig_m,rmse_enkf,rmse_eakf,rmse_enkf_tr,rmse_eakf_tr,eakf_vs_enkf,improve_enkf_tr,eakf_tr_vs_enkf,experiment_type
sig_m,0.050000,30,9,0.500000,0.050000,2.986368,2.737750,1.712690,1.496180,8.325100,42.649725,49.899675,sig_m_sensitivity
sig_m,0.150000,30,9,0.500000,0.150000,3.417674,2.627133,2.090593,1.543319,23.130966,38.829952,54.843000,sig_m_sensitivity
sig_m,0.300000,30,9,0.500000,0.300000,2.992324,2.958096,1.769589,1.879007,1.143864,40.862386,37.205773,sig_m_sensitivity
sig_m,0.350000,30,9,0.500000,0.350000,3.183899,2.833074,1.902276,1.737305,11.018735,40.253258,45.434691,sig_m_sensitivity
sig_m,0.400000,30,9,0.500000,0.400000,3.346283,3.035243,2.029676,1.752661,9.295095,39.345358,47.623641,sig_m_sensitivity
