{
  "params": {
    "N": 30,
    "s": 12,
    "tm": 5.0,
    "k": 5,
    "sig_p": 0.5,
    "sig_m": 0.15,
    "seed": 30,
    "inflation_factor": 1.0
  },
  "metrics": {
    "rmse_enkf": 2.8895721109841435,
    "rmse_eakf": 2.5161789036523303,
    "rmse_enkf_tr": 2.377762339335825,
    "rmse_eakf_tr": 2.0685695079061492,
    "improve_enkf_tr_%": 17.712303136605374,
    "eakf_vs_enkf_%": 12.922093410039217,
    "eakf_tr_vs_enkf_%": 28.412601296818767
  },
  "files": {
    "npz": "results/four_methods_N30_s12_tm5.0_k5_sp0.5_sm0.15_seed30.npz",
    "csv": "results/four_methods_N30_s12_tm5.0_k5_sp0.5_sm0.15_seed30.csv",
    "summary_csv": "results/summary_N30_s12_tm5.0_k5_sp0.5_sm0.15_seed30.csv"
  }
}