{
  "params": {
    "N": 30,
    "s": 9,
    "tm": 5.0,
    "k": 5,
    "sig_p": 0.45,
    "sig_m": 0.15,
    "seed": 30,
    "inflation_factor": 1.0
  },
  "metrics": {
    "rmse_enkf": 2.9486773984407595,
    "rmse_eakf": 2.6028200510131896,
    "rmse_enkf_tr": 1.7627454339905189,
    "rmse_eakf_tr": 1.5644857416917612,
    "improve_enkf_tr_%": 40.21911535922354,
    "eakf_vs_enkf_%": 11.729236559091099,
    "eakf_tr_vs_enkf_%": 46.942797387091225
  },
  "files": {
    "npz": "results/four_methods_N30_s9_tm5.0_k5_sp0.45_sm0.15_seed30.npz",
    "csv": "results/four_methods_N30_s9_tm5.0_k5_sp0.45_sm0.15_seed30.csv",
    "summary_csv": "results/summary_N30_s9_tm5.0_k5_sp0.45_sm0.15_seed30.csv"
  }
}