{
  "params": {
    "N": 30,
    "s": 9,
    "tm": 5.0,
    "k": 5,
    "sig_p": 0.5,
    "sig_m": 0.35,
    "seed": 30,
    "inflation_factor": 1.0
  },
  "metrics": {
    "rmse_enkf": 3.1838994352073238,
    "rmse_eakf": 2.833074006303449,
    "rmse_enkf_tr": 1.9022761858585155,
    "rmse_eakf_tr": 1.7373045573011268,
    "improve_enkf_tr_%": 40.25325785031755,
    "eakf_vs_enkf_%": 11.018734606516558,
    "eakf_tr_vs_enkf_%": 45.434691244009095
  },
  "files": {
    "npz": "results/four_methods_N30_s9_tm5.0_k5_sp0.5_sm0.35_seed30.npz",
    "csv": "results/four_methods_N30_s9_tm5.0_k5_sp0.5_sm0.35_seed30.csv",
    "summary_csv": "results/summary_N30_s9_tm5.0_k5_sp0.5_sm0.35_seed30.csv"
  }
}