{
  "params": {
    "N": 30,
    "s": 18,
    "tm": 5.0,
    "k": 5,
    "sig_p": 0.5,
    "sig_m": 0.15,
    "seed": 30,
    "inflation_factor": 1.0
  },
  "metrics": {
    "rmse_enkf": 2.9908646891820396,
    "rmse_eakf": 2.949867445275004,
    "rmse_enkf_tr": 2.7536387242131304,
    "rmse_eakf_tr": 2.5063463311096736,
    "improve_enkf_tr_%": 7.931684968128307,
    "eakf_vs_enkf_%": 1.370748869225762,
    "eakf_tr_vs_enkf_%": 16.199942438882953
  },
  "files": {
    "npz": "results/four_methods_N30_s18_tm5.0_k5_sp0.5_sm0.15_seed30.npz",
    "csv": "results/four_methods_N30_s18_tm5.0_k5_sp0.5_sm0.15_seed30.csv",
    "summary_csv": "results/summary_N30_s18_tm5.0_k5_sp0.5_sm0.15_seed30.csv"
  }
}