{
  "params": {
    "N": 30,
    "s": 9,
    "tm": 5.0,
    "k": 5,
    "sig_p": 0.5,
    "sig_m": 0.3,
    "seed": 30,
    "inflation_factor": 1.0
  },
  "metrics": {
    "rmse_enkf": 2.992324085576908,
    "rmse_eakf": 2.95809597246578,
    "rmse_enkf_tr": 1.769589064288315,
    "rmse_eakf_tr": 1.879006788873806,
    "improve_enkf_tr_%": 40.86238610256866,
    "eakf_vs_enkf_%": 1.143863837346653,
    "eakf_tr_vs_enkf_%": 37.20577266577925
  },
  "files": {
    "npz": "results/four_methods_N30_s9_tm5.0_k5_sp0.5_sm0.3_seed30.npz",
    "csv": "results/four_methods_N30_s9_tm5.0_k5_sp0.5_sm0.3_seed30.csv",
    "summary_csv": "results/summary_N30_s9_tm5.0_k5_sp0.5_sm0.3_seed30.csv"
  }
}